index_file,lemma,score,token,sent_id
test/stendhal_la chartreuse de parme.fr.conllu,problème,0.58,problème,370
test/stendhal_la chartreuse de parme.fr.conllu,problème,0.58,problème,3213
test/stendhal_la chartreuse de parme.fr.conllu,problème,0.58,problème,6313
test/stendhal_la chartreuse de parme.fr.conllu,problème,0.58,problème,7201
test/stendhal_la chartreuse de parme.fr.conllu,trouble,0.524,trouble,2211
test/stendhal_la chartreuse de parme.fr.conllu,trouble,0.524,trouble,2318
test/stendhal_la chartreuse de parme.fr.conllu,trouble,0.524,trouble,3057
test/stendhal_la chartreuse de parme.fr.conllu,trouble,0.524,trouble,3746
test/stendhal_la chartreuse de parme.fr.conllu,trouble,0.524,trouble,5065
test/stendhal_la chartreuse de parme.fr.conllu,trouble,0.524,trouble,7031
test/stendhal_la chartreuse de parme.fr.conllu,trouble,0.524,trouble,8338
test/stendhal_la chartreuse de parme.fr.conllu,trouble,0.524,troubles,9141
test/stendhal_la chartreuse de parme.fr.conllu,trouble,0.524,trouble,9756
test/stendhal_la chartreuse de parme.fr.conllu,trouble,0.524,trouble,9823
test/stendhal_la chartreuse de parme.fr.conllu,trouble,0.524,trouble,10804
test/stendhal_la chartreuse de parme.fr.conllu,difficulté,0.515,difficulté,3231
test/stendhal_la chartreuse de parme.fr.conllu,difficulté,0.515,difficultés,3264
test/stendhal_la chartreuse de parme.fr.conllu,difficulté,0.515,difficultés,3356
test/stendhal_la chartreuse de parme.fr.conllu,difficulté,0.515,difficulté,3500
test/stendhal_la chartreuse de parme.fr.conllu,difficulté,0.515,difficultés,4270
test/stendhal_la chartreuse de parme.fr.conllu,difficulté,0.515,difficulté,4285
test/stendhal_la chartreuse de parme.fr.conllu,difficulté,0.515,difficulté,4326
test/stendhal_la chartreuse de parme.fr.conllu,difficulté,0.515,difficultés,5245
test/stendhal_la chartreuse de parme.fr.conllu,difficulté,0.515,difficultés,7145
test/stendhal_la chartreuse de parme.fr.conllu,difficulté,0.515,difficultés,7769
test/stendhal_la chartreuse de parme.fr.conllu,difficulté,0.515,difficulté,7808
test/stendhal_la chartreuse de parme.fr.conllu,difficulté,0.515,difficulté,7812
test/stendhal_la chartreuse de parme.fr.conllu,difficulté,0.515,difficulté,7838
test/stendhal_la chartreuse de parme.fr.conllu,difficulté,0.515,difficulté,7987
test/stendhal_la chartreuse de parme.fr.conllu,difficulté,0.515,difficulté,8747
test/stendhal_la chartreuse de parme.fr.conllu,difficulté,0.515,difficulté,10093
test/stendhal_la chartreuse de parme.fr.conllu,difficulté,0.515,difficultés,10514
test/stendhal_la chartreuse de parme.fr.conllu,souci,0.456,soucis,2296
test/stendhal_la chartreuse de parme.fr.conllu,souci,0.456,soucis,3374
test/stendhal_la chartreuse de parme.fr.conllu,souci,0.456,soucis,8977
test/stendhal_la chartreuse de parme.fr.conllu,souci,0.456,souci,10245
test/stendhal_la chartreuse de parme.fr.conllu,complication,0.388,complication,11021
test/stendhal_la chartreuse de parme.fr.conllu,obstacle,0.351,obstacle,2495
test/stendhal_la chartreuse de parme.fr.conllu,obstacle,0.351,obstacles,5071
test/stendhal_la chartreuse de parme.fr.conllu,obstacle,0.351,obstacle,7223
test/stendhal_la chartreuse de parme.fr.conllu,obstacle,0.351,obstacles,7291
test/stendhal_la chartreuse de parme.fr.conllu,obstacle,0.351,obstacles,7621
test/stendhal_la chartreuse de parme.fr.conllu,obstacle,0.351,obstacles,7782
test/stendhal_la chartreuse de parme.fr.conllu,obstacle,0.351,obstacle,8213
test/stendhal_la chartreuse de parme.fr.conllu,obstacle,0.351,obstacle,8393
test/stendhal_la chartreuse de parme.fr.conllu,obstacle,0.351,obstacle,8462
test/stendhal_la chartreuse de parme.fr.conllu,compliqué,0.347,compliquée,322
test/stendhal_la chartreuse de parme.fr.conllu,compliqué,0.347,compliquée,2763
test/stendhal_la chartreuse de parme.fr.conllu,compliqué,0.347,compliquée,3711
test/stendhal_la chartreuse de parme.fr.conllu,gênant,0.328,gênant,2442
test/stendhal_la chartreuse de parme.fr.conllu,crise,0.318,crise,2805
test/stendhal_la chartreuse de parme.fr.conllu,crise,0.318,crise,3202
test/stendhal_la chartreuse de parme.fr.conllu,crise,0.318,crise,6107
test/stendhal_la chartreuse de parme.fr.conllu,complique,0.315,compliquées,69
test/stendhal_la chartreuse de parme.fr.conllu,complique,0.315,compliquées,6127
